-- ============================================================
--  SEED DATA — Institute Schedule Manager
--  Run AFTER 001_schema.sql
-- ============================================================

-- ── USERS ──────────────────────────────────────────────────
INSERT INTO users (id, email, password_hash, role, full_name, phone) VALUES
  ('00000000-0000-0000-0000-000000000001', 'admin@institute.com',   '$2b$12$placeholder_hash', 'admin',   'Principal Ahmed',    '+923001234567'),
  ('00000000-0000-0000-0000-000000000002', 'teacher1@institute.com','$2b$12$placeholder_hash', 'teacher', 'Mr. Hassan Raza',    '+923011234567'),
  ('00000000-0000-0000-0000-000000000003', 'teacher2@institute.com','$2b$12$placeholder_hash', 'teacher', 'Ms. Sara Malik',     '+923021234567'),
  ('00000000-0000-0000-0000-000000000004', 'teacher3@institute.com','$2b$12$placeholder_hash', 'teacher', 'Mr. Bilal Khan',     '+923031234567'),
  ('00000000-0000-0000-0000-000000000005', 'student1@institute.com','$2b$12$placeholder_hash', 'student', 'Ali Usman',          '+923041234567'),
  ('00000000-0000-0000-0000-000000000006', 'student2@institute.com','$2b$12$placeholder_hash', 'student', 'Fatima Noor',        '+923051234567'),
  ('00000000-0000-0000-0000-000000000007', 'student3@institute.com','$2b$12$placeholder_hash', 'student', 'Zain Ahmed',         '+923061234567'),
  ('00000000-0000-0000-0000-000000000008', 'student4@institute.com','$2b$12$placeholder_hash', 'student', 'Hina Tariq',         '+923071234567');

-- ── TEACHERS ───────────────────────────────────────────────
INSERT INTO teachers (id, user_id, employee_code, max_hours_per_day, weekly_off_day, buffer_minutes) VALUES
  ('10000000-0000-0000-0000-000000000001', '00000000-0000-0000-0000-000000000002', 'TCH-001', 8, 'friday',   10),
  ('10000000-0000-0000-0000-000000000002', '00000000-0000-0000-0000-000000000003', 'TCH-002', 8, 'friday',   10),
  ('10000000-0000-0000-0000-000000000003', '00000000-0000-0000-0000-000000000004', 'TCH-003', 8, 'saturday', 10);

-- ── SUBJECTS ───────────────────────────────────────────────
INSERT INTO subjects (id, name, code) VALUES
  ('20000000-0000-0000-0000-000000000001', 'Mathematics',       'MATH'),
  ('20000000-0000-0000-0000-000000000002', 'Physics',           'PHY'),
  ('20000000-0000-0000-0000-000000000003', 'English Language',  'ENG'),
  ('20000000-0000-0000-0000-000000000004', 'Computer Science',  'CS'),
  ('20000000-0000-0000-0000-000000000005', 'Chemistry',         'CHEM');

-- ── TEACHER EXPERTISE ──────────────────────────────────────
INSERT INTO teacher_expertise (teacher_id, subject_id, proficiency) VALUES
  ('10000000-0000-0000-0000-000000000001', '20000000-0000-0000-0000-000000000001', 'primary'),   -- Hassan: Math
  ('10000000-0000-0000-0000-000000000001', '20000000-0000-0000-0000-000000000002', 'secondary'),  -- Hassan: Physics
  ('10000000-0000-0000-0000-000000000002', '20000000-0000-0000-0000-000000000003', 'primary'),   -- Sara: English
  ('10000000-0000-0000-0000-000000000002', '20000000-0000-0000-0000-000000000005', 'secondary'),  -- Sara: Chemistry
  ('10000000-0000-0000-0000-000000000003', '20000000-0000-0000-0000-000000000004', 'primary');   -- Bilal: CS

-- ── STUDENTS ───────────────────────────────────────────────
INSERT INTO students (id, user_id, student_code) VALUES
  ('30000000-0000-0000-0000-000000000001', '00000000-0000-0000-0000-000000000005', 'STU-001'),
  ('30000000-0000-0000-0000-000000000002', '00000000-0000-0000-0000-000000000006', 'STU-002'),
  ('30000000-0000-0000-0000-000000000003', '00000000-0000-0000-0000-000000000007', 'STU-003'),
  ('30000000-0000-0000-0000-000000000004', '00000000-0000-0000-0000-000000000008', 'STU-004');

-- ── COURSES ────────────────────────────────────────────────
INSERT INTO courses (id, name, code, total_sessions, duration_weeks) VALUES
  ('40000000-0000-0000-0000-000000000001', 'O-Level Mathematics',    'OL-MATH', 48, 16),
  ('40000000-0000-0000-0000-000000000002', 'IELTS Preparation',      'IELTS',   36, 12),
  ('40000000-0000-0000-0000-000000000003', 'Web Development Basics', 'WEB-101', 24, 8);

-- ── COURSE SUBJECTS ────────────────────────────────────────
INSERT INTO course_subjects (course_id, subject_id) VALUES
  ('40000000-0000-0000-0000-000000000001', '20000000-0000-0000-0000-000000000001'),
  ('40000000-0000-0000-0000-000000000002', '20000000-0000-0000-0000-000000000003'),
  ('40000000-0000-0000-0000-000000000003', '20000000-0000-0000-0000-000000000004');

-- ── STUDENT GROUPS ─────────────────────────────────────────
INSERT INTO student_groups (id, name, course_id) VALUES
  ('50000000-0000-0000-0000-000000000001', 'O-Level Batch A', '40000000-0000-0000-0000-000000000001'),
  ('50000000-0000-0000-0000-000000000002', 'IELTS Group 1',   '40000000-0000-0000-0000-000000000002');

INSERT INTO student_group_members (group_id, student_id) VALUES
  ('50000000-0000-0000-0000-000000000001', '30000000-0000-0000-0000-000000000001'),
  ('50000000-0000-0000-0000-000000000001', '30000000-0000-0000-0000-000000000002'),
  ('50000000-0000-0000-0000-000000000002', '30000000-0000-0000-0000-000000000003'),
  ('50000000-0000-0000-0000-000000000002', '30000000-0000-0000-0000-000000000004');

-- ── COURSE ENROLLMENTS ─────────────────────────────────────
INSERT INTO course_enrollments (student_id, course_id) VALUES
  ('30000000-0000-0000-0000-000000000001', '40000000-0000-0000-0000-000000000001'),
  ('30000000-0000-0000-0000-000000000002', '40000000-0000-0000-0000-000000000001'),
  ('30000000-0000-0000-0000-000000000003', '40000000-0000-0000-0000-000000000002'),
  ('30000000-0000-0000-0000-000000000004', '40000000-0000-0000-0000-000000000002');
